Plot ID,Elevation_MASL,Latitude,Longitude,Slope..Degrees.,Temp,Ppt,Eto,WB,Aspect,Crown_cover....,Forest_Types,Scientific_me,Family,Height_cm,Age_Years,Plot_Cover.
1,1337,27.001902,90.597047,25,18.21,2462.64,909.38,2280.35,90,40,Cool broadleaved forest (1500-3000),Alangium chinense,Alangiaceae,1.8,2,25
1,1317,27.07579,90.319535,25,18.47,2033.51,927.47,2131.28,45,40,Warm broad leaved forest (500-1500),Alangium chinense,Alangiaceae,1.8,2,25
2,1327,27.079725,90.317987,12,18.42,2250.9,927.05,2412.92,45,45,Warm broad leaved forest (500-1500),Ficus hispida,Moraceae,2.5,3,2
3,1552,27.085634,90.330809,9,17.2,2269.12,900.18,2454.84,225,60,Cool broadleaved forest (1500-3000),Too ciliata,Meliaceae,2,3,2
4,1410,27.084467,90.326142,15,17.97,2164.17,917.68,2326.37,225,60,Warm broad leaved forest (500-1500),Too ciliata,Meliaceae,2,3,2
5,1321,27.082492,90.322164,7,18.46,2328.66,928.39,2515.92,180,35,Warm broad leaved forest (500-1500),Ostodes paniculata,Euphorbiaceae,2.5,4,70
5,1321,27.082492,90.322164,7,18.46,2328.66,928.39,2515.92,180,35,Warm broad leaved forest (500-1500),Macropax dispermus,Araliaceae,70,2,4
6,1375,27.089892,90.318006,25,18.18,1953.34,923.2,2086.13,270,70,Warm broad leaved forest (500-1500),Alangium chinense,Alangiaceae,3,2,20
6,1375,27.089892,90.318006,25,18.18,1953.34,923.2,2086.13,270,70,Warm broad leaved forest (500-1500),Ostodes paniculata,Euphorbiaceae,380,4,40
7,1463,27.10107,90.313877,4,17.72,2276.46,914.56,2525.24,135,40,Warm broad leaved forest (500-1500),Too ciliata,Meliaceae,3.2,4,40
8,1458,27.098571,90.32018,10,17.74,2176.31,914.66,2395.71,135,20,Warm broad leaved forest (500-1500),Cinmomum bejolghota,Lauraceae,1.8,3,40
8,1458,27.098571,90.32018,10,17.74,2176.31,914.66,2395.71,135,20,Warm broad leaved forest (500-1500),Aphamaxis polystacya,Meliaceae,1.2,2,20
9,1416,27.093329,90.315248,12,17.96,2170.43,918.8,2369.28,90,40,Warm broad leaved forest (500-1500),Aphamaxis polystacya,Meliaceae,1.2,2,20
10,1568,27.079149,90.351268,17,17.1,2153.11,896.81,2288.12,225,50,Cool broadleaved forest (1500-3000),Ficus semicordata,Moraceae,0.8,2,7
11,1566,27.075981,90.353133,9,17.1,2323.44,896.39,2478.44,225,30,Cool broadleaved forest (1500-3000),Ficus semicordata,Moraceae,0.8,2,7
12,1532,27.08004,90.347693,5,17.3,2376.83,901.5,2558.1,180,30,Cool broadleaved forest (1500-3000),Schefflera spp,Araliaceae,60,2,3
13,1585,27.076638,90.346793,25,17,2022.71,894.15,2116.44,45,60,Cool broadleaved forest (1500-3000),Schefflera spp,Araliaceae,60,2,3
14,1669,27.074814,90.343486,14,16.54,2237.37,883.27,2370.68,45,20,Cool broadleaved forest (1500-3000),Too ciliata,Meliaceae,7,1,1
14,1669,27.074814,90.343486,14,16.54,2237.37,883.27,2370.68,45,20,Cool broadleaved forest (1500-3000),Dillenia indica,Dilleniaceae,15,1,2
15,1669,27.074814,90.343486,14,16.54,2237.37,883.27,2370.68,45,21,Cool broadleaved forest (1500-3000),Schefflera spp,Araliaceae,1.3,3,25
15,1669,27.074814,90.343486,14,16.54,2237.37,883.27,2370.68,45,22,Cool broadleaved forest (1500-3000),Castanopsis hystrix,Fagaceae,60,3,7
16,1672,27.085553,90.374162,13,16.54,2184.37,885.16,2349.66,180,50,Cool broadleaved forest (1500-3000),Castanopsis hystrix,Fagaceae,60,3,7
17,1638,27.086141,90.371696,30,16.73,1875.39,889.53,1964.83,225,60,Cool broadleaved forest (1500-3000),Castanopsis hystrix,Fagaceae,40,2,4
17,1638,27.086141,90.371696,30,16.73,1875.39,889.53,1964.83,225,60,Cool broadleaved forest (1500-3000),Osmanthus suavis,Oleaceae,45,2,3
18,1621,27.085516,90.368604,15,16.82,2148.59,891.53,2307.01,225,40,Cool broadleaved forest (1500-3000),Osmanthus suavis,Oleaceae,45,2,3
18,1696,27.085629,90.378053,15,16.41,2145.84,882.18,2302.69,135,60,Cool broadleaved forest (1500-3000),Osmanthus suavis,Oleaceae,45,2,3
18,1696,27.085629,90.378053,15,16.41,2145.84,882.18,2302.69,135,61,Cool broadleaved forest (1500-3000),Ficus roxburgii,Moraceae,0.9,3,15
22,1203,27.04862,90.334395,25,19.04,2197.41,935.99,2214.65,45,30,Warm broad leaved forest (500-1500),Schima wallichii,Theaceae,100,2,26
23,1196,27.052481,90.328958,30,19.08,2081.61,937.68,2091.15,0,85,Warm broad leaved forest (500-1500),Ostodes paniculata,Euphorbiaceae,4.5,3,60
25,1227,27.050532,90.317169,18,18.91,2321.9,933.39,2371.74,0,5,Warm broad leaved forest (500-1500),Osmanthus suavis,Oleaceae,3.5,5,30
26,1227,27.050532,90.317169,18,18.91,2321.9,933.39,2371.74,0,6,Warm broad leaved forest (500-1500),Mitrephora harai,Annoceae,130,2,15
27,1266,27.039551,90.305893,1,18.67,2743.1,926.2,2793.77,0,90,Warm broad leaved forest (500-1500),Bridelia retusa,Euphorbiaceae,35,1,20
28,1223,27.058107,90.311665,1,18.95,2609.57,935.49,2733.62,90,65,Warm broad leaved forest (500-1500),Macropax dispermus,Araliaceae,45,1,7
29,1318,27.057149,90.302347,17,18.42,2301.2,923.41,2376.61,45,72,Warm broad leaved forest (500-1500),Macropax dispermus,Araliaceae,45,1,7
30,1394,27.066416,90.300928,11,18.03,2357.47,915.87,2482.13,315,85,Warm broad leaved forest (500-1500),Brassaiopsis hainla,Araliaceae,1,2,7
30,1394,27.066416,90.300928,11,18.03,2357.47,915.87,2482.13,315,85,Warm broad leaved forest (500-1500),Ostodes paniculata,Euphorbiaceae,90,4,30
31,1084,27.047991,90.379133,18,19.69,2324.53,950.73,2362.74,0,70,Warm broad leaved forest (500-1500),Ostodes paniculata,Euphorbiaceae,1.8,3,30
32,1089,27.048535,90.371103,17,19.66,2342.08,950.22,2386.01,315,60,Warm broad leaved forest (500-1500),Litsea monopetala,Lauraceae,10,1,2
32,1089,27.048535,90.371103,17,19.66,2342.08,950.22,2386.01,315,60,Warm broad leaved forest (500-1500),Ostodes paniculata,Euphorbiaceae,1.5,2,20
33,1129,27.05076,90.36301,14,19.45,2387.44,945.69,2448.67,45,75,Warm broad leaved forest (500-1500),Mangifera sylvatica,Acardiaceae,40,2,2
33,1129,27.05076,90.36301,14,19.45,2387.44,945.69,2448.67,45,75,Warm broad leaved forest (500-1500),Mesua ferrea,Calophyllaceae,2,2,1
34,1133,27.046918,90.357621,4,19.42,2615.16,944.38,2688.49,315,30,Warm broad leaved forest (500-1500),Alangium chinense,Alangiaceae,2.5,4,56
35,1137,27.048838,90.349776,15,19.4,2383.87,944.28,2436.14,45,70,Warm broad leaved forest (500-1500),Cinmomum bejolghota,Lauraceae,2,3,2
35,1137,27.048838,90.349776,15,19.4,2383.87,944.28,2436.14,45,70,Warm broad leaved forest (500-1500),Magnolia hogdsonii,Magnoliaceae,1,2,2
36,1116,27.049777,90.341168,3,19.52,2619.48,947.11,2707.3,45,65,Warm broad leaved forest (500-1500),Myrsine seguinii,Myrsiceae,0,2,15
37,1149,27.052219,90.345597,25,19.34,2171.84,943.5,2200.52,180,40,Warm broad leaved forest (500-1500),Actinodaphne obovata,Lauraceae,2.5,3,20
38,1138,27.053609,90.353978,3,19.4,2589.61,945.17,2690.87,180,25,Warm broad leaved forest (500-1500),Alangium chinense,Alangiaceae,6,1,1
39,1170,27.055799,90.359268,7,19.23,2492.68,941.63,2591.44,135,60,Warm broad leaved forest (500-1500),Alangium chinense,Alangiaceae,6,1,1
40,1598,27.067908,90.385628,10,16.91,2347.73,890.69,2471.04,45,50,Cool broadleaved forest (1500-3000),Ostodes paniculata,Euphorbiaceae,0.9,1,3
40,1598,27.067908,90.385628,10,16.91,2347.73,890.69,2471.04,45,50,Cool broadleaved forest (1500-3000),Castanopsis hystrix,Fagaceae,2,2,15
41,1477,27.063062,90.387096,25,17.56,2095.06,904.79,2148.69,315,50,Warm broad leaved forest (500-1500),Macaranga indica,Euphorbiaceae,1.6,4,70
42,1474,27.058455,90.387378,12,17.57,2369.77,904.19,2457.08,135,60,Warm broad leaved forest (500-1500),Dillenia indica,Dilleniaceae,1.7,3,12
42,1474,27.058455,90.387378,12,17.57,2369.77,904.19,2457.08,135,60,Warm broad leaved forest (500-1500),Trewia nudiflora,Euphorbiaceae,1.7,3,25
43,1288,27.059817,90.384143,15,18.59,2303.64,927.73,2388.55,270,95,Warm broad leaved forest (500-1500),Ostodes paniculata,Euphorbiaceae,1.6,3,40
43,1288,27.059817,90.384143,15,18.59,2303.64,927.73,2388.55,270,95,Warm broad leaved forest (500-1500),Macropax dispermus,Araliaceae,1,2,5
44,1153,27.056613,90.382922,6,19.33,2501.53,943.93,2604.4,135,50,Warm broad leaved forest (500-1500),Acer sterculiaceum,Aceraceae,150,3,30
45,1861,27.051892,90.382273,5,15.44,2554.1,854.43,2632.29,180,10,Warm broad leaved forest (500-1500),Acer sterculiaceum,Aceraceae,150,3,30
46,1179,27.047425,90.383377,16,19.17,2366.07,938.74,2407.1,270,60,Warm broad leaved forest (500-1500),Mangifera sylvatica,Acardiaceae,2.3,3,20
47,1032,27.053226,90.39404,1,19.98,2623.38,958.34,2726.44,0,40,Warm broad leaved forest (500-1500),Brassaiopsis hainla,Araliaceae,1.1,3,20
47,1032,27.053226,90.39404,1,19.98,2623.38,958.34,2726.44,0,40,Warm broad leaved forest (500-1500),Polyalthia simiarum,Annoceae,1.6,4,40
48,1087,27.058336,90.395895,17,19.69,2272.24,952.54,2347.25,90,70,Warm broad leaved forest (500-1500),Syzygium formosum,Myrtaceae,11,1,1
48,1087,27.058336,90.395895,17,19.69,2272.24,952.54,2347.25,90,70,Warm broad leaved forest (500-1500),Phoebe attenuata,Lauraceae,25,1,2
48,1087,27.058336,90.395895,17,19.69,2272.24,952.54,2347.25,90,70,Warm broad leaved forest (500-1500),Ostodes paniculata,Euphorbiaceae,35,1,3
48,1087,27.058336,90.395895,17,19.69,2272.24,952.54,2347.25,90,70,Warm broad leaved forest (500-1500),Litsea cubeba,Lauraceae,14,1,1
48,1087,27.058336,90.395895,17,19.69,2272.24,952.54,2347.25,90,70,Warm broad leaved forest (500-1500),Michelia doltsapa,Magnoliaceae,25,1,2
49,1668,27.040259,90.429503,29,16.47,2155.82,876.1,2115.02,315,70,Cool broadleaved forest (1500-3000),Lithocarpus elegans,Fagaceae,1.2,2,10
50,1612,27.044624,90.430054,30,16.79,2109.12,884.02,2079.16,45,70,Cool broadleaved forest (1500-3000),Ostodes paniculata,Euphorbiaceae,1300,3,12
50,1612,27.044624,90.430054,30,16.79,2109.12,884.02,2079.16,45,70,Cool broadleaved forest (1500-3000),Lithocarpus fenestratus,Fagaceae,25,1,4
51,1617,27.048872,90.428521,18,16.77,2307.38,884.29,2337.26,0,60,Cool broadleaved forest (1500-3000),Acer thomsonii,Aceraceae,1.3,3,15
52,1581,27.052919,90.426635,34,16.97,1985.8,889.65,1963.89,45,45,Cool broadleaved forest (1500-3000),Acer thomsonii,Aceraceae,1.3,3,15
53,1613,27.051074,90.421695,25,16.79,2162.27,885.26,2174.22,315,35,Cool broadleaved forest (1500-3000),Lithocarpus fenestratus,Fagaceae,150,3,8
54,1480,27.057747,90.429095,15,17.54,2306.76,903.29,2378.6,135,30,Warm broad leaved forest (500-1500),Rhododendron arboreum,Ericaceae,25,2,15
54,1480,27.057747,90.429095,15,17.54,2306.76,903.29,2378.6,135,30,Warm broad leaved forest (500-1500),Betula alnoides,Betulaceae,0.45,2,4
54,1480,27.057747,90.429095,15,17.54,2306.76,903.29,2378.6,135,30,Warm broad leaved forest (500-1500),Lyonia ovalifolia,Ericaceae,60,2,12
55,1323,27.061245,90.432257,22,18.4,2151.65,923.65,2210.51,45,50,Warm broad leaved forest (500-1500),Lyonia ovalifolia,Ericaceae,60,2,12
56,1228,27.057348,90.435861,23,18.92,2156.64,934.71,2200.51,45,75,Warm broad leaved forest (500-1500),Cretava reliogiosa,Compositae,180,4,25
57,1203,27.065166,90.432574,15,19.07,2258.47,939.48,2357.83,45,45,Warm broad leaved forest (500-1500),Cinmomum bejolghota,Lauraceae,250,4,2
58,1533,27.050233,90.482811,23,17.23,2191.4,895.08,2204.39,90,60,Cool broadleaved forest (1500-3000),Castanopsis hystrix,Fagaceae,1.2,3,20
59,1570,27.052323,90.479054,43,17.03,1821.43,890.9,1746.39,135,90,Cool broadleaved forest (1500-3000),Lithocarpus fenestratus,Fagaceae,1.3,6,18
59,1570,27.052323,90.479054,43,17.03,1821.43,890.9,1746.39,135,90,Cool broadleaved forest (1500-3000),Lithocarpus fenestratus,Fagaceae,40,1,6
60,1612,27.049179,90.475091,35,16.8,1980.53,884.98,1937.81,90,90,Cool broadleaved forest (1500-3000),Castanopsis hystrix,Fagaceae,1.2,2,20
61,1697,27.044018,90.470336,7,16.32,2547.36,873.27,2587.29,225,50,Cool broadleaved forest (1500-3000),Macaranga denticulata,Euphorbiaceae,1.4,3,70
62,1589,27.047788,90.470727,31,16.92,2062.01,887.56,2034.3,315,10,Cool broadleaved forest (1500-3000),Saurauja nepaulensis,Actinidiaceae,1.6,3,20
63,1538,27.053023,90.472307,7,17.21,2484.68,895.04,2560.29,270,40,Cool broadleaved forest (1500-3000),Saurauja nepaulensis,Actinidiaceae,1.6,3,20
64,1482,27.05384,90.465645,31,17.52,2025.6,902.22,2018.13,180,60,Warm broad leaved forest (500-1500),Cinmomum bejolghota,Lauraceae,1.5,3,25
65,1461,27.057109,90.466517,20,17.64,2207.38,905.53,2256.37,0,30,Warm broad leaved forest (500-1500),Cinmomum bejolghota,Lauraceae,1.5,3,25
66,1380,27.055521,90.462233,34,18.08,1962.54,915.32,1947.47,270,40,Warm broad leaved forest (500-1500),Schima wallichii,Theaceae,0.9,2,15
66,1392,27.037402,90.420951,35,17.98,2065.88,910,1995,315,75,Warm broad leaved forest (500-1500),Schima wallichii,Theaceae,0.9,2,15
67,1220,27.03528,90.381268,8,18.92,2610.82,931.05,2626.57,0,60,Warm broad leaved forest (500-1500),Chukrasia tabularis,Meliaceae,35,1,2
67,1220,27.03528,90.381268,8,18.92,2610.82,931.05,2626.57,0,60,Warm broad leaved forest (500-1500),Michelia doltsapa,Magnoliaceae,1.3,3,60
68,1220,27.036181,90.387166,12,18.92,2521.89,931.24,2531.49,45,50,Warm broad leaved forest (500-1500),Choerospondias axiliaris,Acardiaceae,2.4,4,60
68,1220,27.036181,90.387166,12,18.92,2521.89,931.24,2531.49,45,50,Warm broad leaved forest (500-1500),Trewia nudiflora,Euphorbiaceae,1.2,2,10
69,1237,27.034244,90.392907,3,18.82,2718.78,928.7,2739.04,0,30,Warm broad leaved forest (500-1500),Betula alnoides,Betulaceae,4.5,4,70
69,1237,27.034244,90.392907,3,18.82,2718.78,928.7,2739.04,0,30,Warm broad leaved forest (500-1500),Ficus nervosa,Moraceae,3.5,4,30
70,1257,27.032674,90.398707,4,18.71,2708.12,925.87,2719.36,0,20,Warm broad leaved forest (500-1500),Schima wallichii,Theaceae,1.3,2,20
71,1345,27.030486,90.394509,15,18.22,2500.56,914.41,2477.78,45,30,Warm broad leaved forest (500-1500),Brassaiopsis hainla,Araliaceae,70,2,7
71,1345,27.030486,90.394509,15,18.22,2500.56,914.41,2477.78,45,30,Warm broad leaved forest (500-1500),Ficus roxburgii,Moraceae,50,2,6
72,1401,27.028993,90.388953,6,17.91,2696.28,907.1,2686.85,0,35,Warm broad leaved forest (500-1500),Acer campbelli,Sapindaceae,350,4,30
73,1505,27.02561,90.384529,11,17.33,2619.34,893.38,2584.51,45,40,Cool broadleaved forest (1500-3000),Macaranga denticulata,Euphorbiaceae,95,2,15
74,1529,27.025295,90.389805,7,17.2,2702.93,890.31,2673.95,0,30,Cool broadleaved forest (1500-3000),Tetradium fraxinifolium,Rutaceae,220,3,5
75,1534,27.024978,90.394243,15,17.17,2540.37,889.62,2492.72,0,90,Cool broadleaved forest (1500-3000),Symplocus glomerata,Symplocaceae,1.3,3,8
75,1534,27.024978,90.394243,15,17.17,2540.37,889.62,2492.72,0,90,Cool broadleaved forest (1500-3000),Schima wallichii,Theaceae,1.3,5,5
76,1615,27.03769,90.428029,3,16.76,2684.77,882.18,2711.98,225,60,Cool broadleaved forest (1500-3000),Lithocarpus elegans,Fagaceae,0.7,3,10
77,1587,27.034607,90.425941,24,16.9,2288.43,885.03,2248.21,0,60,Cool broadleaved forest (1500-3000),Acer thomsonii,Aceraceae,0.65,2,7
77,1587,27.034607,90.425941,24,16.9,2288.43,885.03,2248.21,0,60,Cool broadleaved forest (1500-3000),Trevesia palmata,Araliaceae,1.2,3,12
77,1587,27.034607,90.425941,24,16.9,2288.43,885.03,2248.21,0,60,Cool broadleaved forest (1500-3000),Trevesia palmata,Araliaceae,0.8,2,7
78,1458,27.032986,90.423497,16,17.61,2456.04,900.81,2436.72,225,70,Warm broad leaved forest (500-1500),Ostodes paniculata,Euphorbiaceae,1.6,5,40
79,1520,27.030838,90.423961,36,17.26,2089.44,892.61,1990.54,270,85,Cool broadleaved forest (1500-3000),Trevesia palmata,Araliaceae,45,2,1
80,1406,27.034398,90.420663,43,17.89,1941.72,907.61,1823.63,225,45,Warm broad leaved forest (500-1500),Trevesia palmata,Araliaceae,0.9,2,8
80,1406,27.034398,90.420663,43,17.89,1941.72,907.61,1823.63,225,46,Warm broad leaved forest (500-1500),Schima wallichii,Theaceae,15,1,2
82,1318,27.017551,90.507153,18,18.34,2507.4,915.06,2416.77,225,45,Cool broadleaved forest (1500-3000),Quercus glauca,Fagaceae,30,5,2
82,1318,27.017551,90.507153,18,18.34,2507.4,915.06,2416.77,225,45,Cool broadleaved forest (1500-3000),Trewia nudiflora,Euphorbiaceae,30,5,5
82,1318,27.017551,90.507153,18,18.34,2507.4,915.06,2416.77,225,45,Cool broadleaved forest (1500-3000),Cinmomum virum,Lauraceae,20,4,2
82,1318,27.017551,90.507153,18,18.34,2507.4,915.06,2416.77,225,45,Cool broadleaved forest (1500-3000),Cinmomum virum,Lauraceae,50,5,0
83,1327,27.014709,90.510344,31,18.29,2272.93,913.33,2130.89,225,45,Cool broadleaved forest (1500-3000),Symplocus sumuntia,Symplocaceae,7,4,2
83,1327,27.014709,90.510344,31,18.29,2272.93,913.33,2130.89,225,45,Cool broadleaved forest (1500-3000),Castanopsis hystrix,Fagaceae,10,5,2
83,1327,27.014709,90.510344,31,18.29,2272.93,913.33,2130.89,225,45,Cool broadleaved forest (1500-3000),Engelhardia spicata,Juglandaceae,5,4,3
84,1314,27.008339,90.514026,35,18.35,2240.99,913.61,2059.78,225,60,Warm broad leaved forest (500-1500),Castanopsis tribuloides,Fagaceae,30,6,5
84,1314,27.008339,90.514026,35,18.35,2240.99,913.61,2059.78,225,60,Warm broad leaved forest (500-1500),Castanopsis hystrix,Fagaceae,40,5,50
84,1314,27.008339,90.514026,35,18.35,2240.99,913.61,2059.78,225,60,Warm broad leaved forest (500-1500),Gynocardia ordorata,Flacourtiaceae,40,5,35
84,1314,27.008339,90.514026,35,18.35,2240.99,913.61,2059.78,225,60,Warm broad leaved forest (500-1500),Acrocarpus fraxinifolius,Leguminosae,40,5,35
85,1367,27.002217,90.518822,20,18.04,2579.36,905.69,2416.02,270,40,Warm broad leaved forest (500-1500),Acrocarpus fraxinifolius,Leguminosae,40,5,35
86,1284,27.003753,90.524924,10,18.5,2772.76,916.39,2636.42,45,45,Warm broad leaved forest (500-1500),Syzygium operculatum,Myrtaceae,25,6,2
86,1284,27.003753,90.524924,10,18.5,2772.76,916.39,2636.42,45,45,Warm broad leaved forest (500-1500),Castanopsis indica,Fagaceae,12,4,2
86,1284,27.003753,90.524924,10,18.5,2772.76,916.39,2636.42,45,45,Warm broad leaved forest (500-1500),Populus glauca,Salicaceae,5,5,5
87,1168,27.00755,90.520556,33,19.14,2283.17,931.69,2107.52,45,50,Warm broad leaved forest (500-1500),Ostodes paniculata,Euphorbiaceae,30,5,25
87,1168,27.00755,90.520556,33,19.14,2283.17,931.69,2107.52,45,50,Warm broad leaved forest (500-1500),Castanopsis indica,Fagaceae,50,5,45
88,1083,27.005524,90.528304,15,19.61,2653.88,941.89,2519.57,90,50,Warm broad leaved forest (500-1500),Castanopsis indica,Fagaceae,50,5,45
89,926,27.011474,90.528688,18,20.48,2547.31,962.77,2434.94,135,60,Warm broad leaved forest (500-1500),Schima wallichii,Theaceae,30,5,2
89,926,27.011474,90.528688,18,20.48,2547.31,962.77,2434.94,135,60,Warm broad leaved forest (500-1500),Populus glauca,Salicaceae,20,5,5
89,926,27.011474,90.528688,18,20.48,2547.31,962.77,2434.94,135,60,Warm broad leaved forest (500-1500),Castanopsis indica,Fagaceae,40,7,5
90,734,27.014614,90.532258,32,21.54,2249.62,987.44,2110.15,315,40,Warm broad leaved forest (500-1500),Castanopsis tribuloides,Fagaceae,25,7,3
90,734,27.014614,90.532258,32,21.54,2249.62,987.44,2110.15,315,40,Warm broad leaved forest (500-1500),Michelia doltsapa,Magnoliaceae,50,24,45
91,723,27.019702,90.541347,42,21.61,2028.16,989.88,1865.33,270,45,Warm broad leaved forest (500-1500),Cinmomum bejolghota,Lauraceae,15,9,2
91,723,27.019702,90.541347,42,21.61,2028.16,989.88,1865.33,270,45,Warm broad leaved forest (500-1500),Michelia doltsapa,Magnoliaceae,30,8,3
91,723,27.019702,90.541347,42,21.61,2028.16,989.88,1865.33,270,45,Warm broad leaved forest (500-1500),Hovenia dulcis,Rhamceae,10,5,4
91,723,27.019702,90.541347,42,21.61,2028.16,989.88,1865.33,270,45,Warm broad leaved forest (500-1500),Osmanthus suavis,Oleaceae,70,12,2
91,723,27.019702,90.541347,42,21.61,2028.16,989.88,1865.33,270,45,Warm broad leaved forest (500-1500),Schima wallichii,Theaceae,65,7,3
92,761,27.019997,90.545508,29,21.4,2266.11,985.2,2156.38,315,70,Warm broad leaved forest (500-1500),Ailanthus integrifolia,Simaroubaceae,20,5,5
92,761,27.019997,90.545508,29,21.4,2266.11,985.2,2156.38,315,70,Warm broad leaved forest (500-1500),Schima wallichii,Theaceae,15,4,2
92,761,27.019997,90.545508,29,21.4,2266.11,985.2,2156.38,315,70,Warm broad leaved forest (500-1500),Engelhardia spicata,Juglandaceae,25,4,2
92,761,27.019997,90.545508,29,21.4,2266.11,985.2,2156.38,315,70,Warm broad leaved forest (500-1500),Mangifera sylvatica,Acardiaceae,20,4,2
92,761,27.019997,90.545508,29,21.4,2266.11,985.2,2156.38,315,70,Warm broad leaved forest (500-1500),Tetradium fraxinifolium,Rutaceae,20,3,2
92,761,27.019997,90.545508,29,21.4,2266.11,985.2,2156.38,315,70,Warm broad leaved forest (500-1500),Castanopsis indica,Fagaceae,80,7,10
92,761,27.019997,90.545508,29,21.4,2266.11,985.2,2156.38,315,70,Warm broad leaved forest (500-1500),Litsea monopetala,Lauraceae,15,4,4
93,750,27.020317,90.549593,32,21.46,2206.24,986.64,2086.46,0,50,Warm broad leaved forest (500-1500),Ostodes paniculata,Euphorbiaceae,20,3,7
93,750,27.020317,90.549593,32,21.46,2206.24,986.64,2086.46,0,50,Warm broad leaved forest (500-1500),Duabanga grandiflora,Sonneratiaceae,25,3,5
93,750,27.020317,90.549593,32,21.46,2206.24,986.64,2086.46,0,50,Warm broad leaved forest (500-1500),Ostodes paniculata,Euphorbiaceae,20,3,3
94,855,27.017196,90.559462,52,20.88,1864.12,972.86,1639.87,45,50,Warm broad leaved forest (500-1500),Ostodes paniculata,Euphorbiaceae,3,4,5
94,855,27.017196,90.559462,52,20.88,1864.12,972.86,1639.87,45,50,Warm broad leaved forest (500-1500),Schima wallichii,Theaceae,10,6,25
95,911,27.01715,90.56438,30,20.57,2262.63,965.85,2134.91,315,40,Cool broadleaved forest (1500-3000),Cinmomum bejolghota,Lauraceae,50,6,4
95,911,27.01715,90.56438,30,20.57,2262.63,965.85,2134.91,315,40,Cool broadleaved forest (1500-3000),Reevesia pubescens,Sterculiaceae,30,5,0
95,911,27.01715,90.56438,30,20.57,2262.63,965.85,2134.91,315,40,Cool broadleaved forest (1500-3000),Stereospermum suaveolens,Bignoniaceae,40,5,5
96,971,27.015343,90.570674,32,20.24,2235.87,957.96,2092.68,315,35,Cool broadleaved forest (1500-3000),Altingia excelsa,Hamamelidaceae,40,5,3
96,971,27.015343,90.570674,32,20.24,2235.87,957.96,2092.68,315,35,Cool broadleaved forest (1500-3000),Cinmomum bejolghota,Lauraceae,25,4,5
96,971,27.015343,90.570674,32,20.24,2235.87,957.96,2092.68,315,35,Cool broadleaved forest (1500-3000),Cinmomum bejolghota,Lauraceae,4,6,4
97,916,27.013436,90.57428,35,20.54,2191.84,964.44,2030.6,0,45,Warm broad leaved forest (500-1500),Ostodes paniculata,Euphorbiaceae,50,9,5
98,942,27.010322,90.577664,45,20.39,2028.59,960.53,1813.09,0,50,Warm broad leaved forest (500-1500),Mangifera sylvatica,Acardiaceae,50,4,40
99,1297,27.00145,90.55615,17,18.43,2637.49,914.28,2475.74,270,45,Warm broad leaved forest (500-1500),Mangifera sylvatica,Acardiaceae,50,4,40
100,1735,27.023697,90.619164,29,16.07,2224.01,864.23,2108.3,135,75,Cool broadleaved forest (1500-3000),Mangifera sylvatica,Acardiaceae,50,4,40
101,1964,27.018803,90.614084,25,14.81,2335.57,834.57,2212.61,135,75,Cool broadleaved forest (1500-3000),Mangifera sylvatica,Acardiaceae,50,4,40
102,1540,27.0121,90.611801,25,17.12,2384.04,886.15,2240.55,180,60,Cool broadleaved forest (1500-3000),Stereospermum tetragonum,Bignoniaceae,70,5,30
103,1495,27.015498,90.604808,29,17.37,2284.11,892.5,2142.14,315,60,Cool broadleaved forest (1500-3000),Stereospermum tetragonum,Bignoniaceae,70,5,30
104,1426,27.001931,90.599303,30,17.72,2363.66,898.26,2165.31,270,70,Cool broadleaved forest (1500-3000),Morus laevigata,Moraceae,60,5,52
104,1426,27.001931,90.599303,30,17.72,2363.66,898.26,2165.31,270,70,Cool broadleaved forest (1500-3000),Litsea monopetala,Lauraceae,30,5,25
104,1426,27.001931,90.599303,30,17.72,2363.66,898.26,2165.31,270,70,Cool broadleaved forest (1500-3000),Castanopsis hystrix,Fagaceae,60,5,45
104,1426,27.001931,90.599303,30,17.72,2363.66,898.26,2165.31,270,70,Cool broadleaved forest (1500-3000),Castanopsis hystrix,Fagaceae,25,3,0
104,1426,27.001931,90.599303,30,17.72,2363.66,898.26,2165.31,270,71,Cool broadleaved forest (1500-3000),Schima wallichii,Theaceae,45,525,0
106,1161,27.006491,90.591801,38,19.18,2180.16,932.35,1976.04,225,50,Cool broadleaved forest (1500-3000),Schima wallichii,Theaceae,45,525,0
107,1034,27.008741,90.588421,22,19.88,2473.28,948.7,2333.31,315,40,Cool broadleaved forest (1500-3000),Syzygium tetragonum,Myrtaceae,25,4,30
107,1034,27.008741,90.588421,22,19.88,2473.28,948.7,2333.31,315,40,Cool broadleaved forest (1500-3000),Dillenia indica,Dilleniaceae,20,2,30
108,1023,27.01138,90.583954,30,19.95,2298.85,950.63,2145.65,225,40,Cool broadleaved forest (1500-3000),Dillenia indica,Dilleniaceae,20,2,30
108,1117,27.05395,90.322111,1,19.52,2635.88,947.86,2745.1,90,70,Warm broad leaved forest (500-1500),Dillenia indica,Dilleniaceae,20,2,30
108,1280,27.044571,90.313469,25,18.61,2228.43,925.51,2232.88,0,65,Warm broad leaved forest (500-1500),Dillenia indica,Dilleniaceae,20,2,30
109,1035,26.938002,90.421289,30,19.73,2934.02,933.64,2428.78,315,45,Warm broad leaved forest (500-1500),Beilschmiedia gammiea,Lauraceae,90,15,2
109,1035,26.938002,90.421289,30,19.73,2934.02,933.64,2428.78,315,45,Warm broad leaved forest (500-1500),Symplocus glomerata,Symplocaceae,150,9,5
109,1035,26.938002,90.421289,30,19.73,2934.02,933.64,2428.78,315,45,Warm broad leaved forest (500-1500),Phoebe attenuata,Lauraceae,90,5,2
109,1035,26.938002,90.421289,30,19.73,2934.02,933.64,2428.78,315,45,Warm broad leaved forest (500-1500),Castanopsis indica,Fagaceae,90,8,4
109,1035,26.938002,90.421289,30,19.73,2934.02,933.64,2428.78,315,45,Warm broad leaved forest (500-1500),Cordia obliqua,Boragiceae,90,6,1
109,1035,26.938002,90.421289,30,19.73,2934.02,933.64,2428.78,315,45,Warm broad leaved forest (500-1500),Mangifera sylvatica,Acardiaceae,150,8,2
110,1122,26.9408,90.423796,32,19.26,2864.82,923.35,2372.7,315,50,Warm broad leaved forest (500-1500),Cinmomum glanduliferum,Lauraceae,90,5,2
110,1122,26.9408,90.423796,32,19.26,2864.82,923.35,2372.7,315,50,Warm broad leaved forest (500-1500),Reevesia pubescens,Sterculiaceae,90,9,3
110,1122,26.9408,90.423796,32,19.26,2864.82,923.35,2372.7,315,50,Warm broad leaved forest (500-1500),Schima wallichii,Theaceae,90,8,2
110,1122,26.9408,90.423796,32,19.26,2864.82,923.35,2372.7,315,50,Warm broad leaved forest (500-1500),Castanopsis indica,Fagaceae,60,5,2
110,1122,26.9408,90.423796,32,19.26,2864.82,923.35,2372.7,315,50,Warm broad leaved forest (500-1500),Mangifera sylvatica,Acardiaceae,90,2,5
110,1122,26.9408,90.423796,32,19.26,2864.82,923.35,2372.7,315,50,Warm broad leaved forest (500-1500),Knema tenuinervia ,Myristicaceae,60,5,3
111,1251,26.94327,90.426215,45,18.56,2571.53,907.75,2068.5,315,30,Warm broad leaved forest (500-1500),Castanopsis tribuloides,Fagaceae,90,8,2
111,1251,26.94327,90.426215,45,18.56,2571.53,907.75,2068.5,315,30,Warm broad leaved forest (500-1500),Albiza procera,Leguminosae,68,5,3
112,1259,26.945234,90.431609,20,18.52,3083.88,907.16,2625.48,135,60,Warm broad leaved forest (500-1500),Engelhardia spicata,Juglandaceae,90,4,2
112,1259,26.945234,90.431609,20,18.52,3083.88,907.16,2625.48,135,60,Warm broad leaved forest (500-1500),Dryepetes indica,Euphorbiaceae,150,15,2
112,1259,26.945234,90.431609,20,18.52,3083.88,907.16,2625.48,135,60,Warm broad leaved forest (500-1500),Ostodes paniculata,Euphorbiaceae,90,10,3
112,1259,26.945234,90.431609,20,18.52,3083.88,907.16,2625.48,135,60,Warm broad leaved forest (500-1500),Gynocardia ordorata,Flacourtiaceae,200,9,2
113,1434,26.948452,90.434213,20,17.57,3053.43,885.97,2612.01,315,60,Warm broad leaved forest (500-1500),Engelhardia spicata,Juglandaceae,90,9,2
113,1434,26.948452,90.434213,20,17.57,3053.43,885.97,2612.01,315,60,Warm broad leaved forest (500-1500),Litsea monopetala,Lauraceae,60,5,2
113,1434,26.948452,90.434213,20,17.57,3053.43,885.97,2612.01,315,60,Warm broad leaved forest (500-1500),Phoebe attenuata,Lauraceae,90,5,3
113,1434,26.948452,90.434213,20,17.57,3053.43,885.97,2612.01,315,60,Warm broad leaved forest (500-1500),Altingia excelsa,Hamamelidaceae,90,5,2
114,1470,26.947789,90.44284,15,17.37,3168.85,881.33,2723.95,0,70,Warm broad leaved forest (500-1500),Litsea monopetala,Lauraceae,90,5,2
114,1470,26.947789,90.44284,15,17.37,3168.85,881.33,2723.95,0,70,Warm broad leaved forest (500-1500),Cinmomum glanduliferum,Lauraceae,60,6,2
114,1470,26.947789,90.44284,15,17.37,3168.85,881.33,2723.95,0,70,Warm broad leaved forest (500-1500),Phoebe attenuata,Lauraceae,90,6,2
115,1493,26.945033,90.448376,25,17.24,2971.3,877.87,2504.68,180,80,Warm broad leaved forest (500-1500),Cinmomum glaucescens,Lauraceae,90,6,2
115,1493,26.945033,90.448376,25,17.24,2971.3,877.87,2504.68,180,80,Warm broad leaved forest (500-1500),Ostodes paniculata,Euphorbiaceae,90,5,2
115,1493,26.945033,90.448376,25,17.24,2971.3,877.87,2504.68,180,80,Warm broad leaved forest (500-1500),Litsea monopetala,Lauraceae,90,6,3
115,1493,26.945033,90.448376,25,17.24,2971.3,877.87,2504.68,180,80,Warm broad leaved forest (500-1500),Engelhardia spicata,Juglandaceae,60,5,2
116,1471,26.944426,90.45351,22,17.36,3041.34,880.49,2573.14,225,90,Warm broad leaved forest (500-1500),Ficus nervosa,Moraceae,90,5,3
116,1471,26.944426,90.45351,22,17.36,3041.34,880.49,2573.14,225,90,Warm broad leaved forest (500-1500),Acer sterculiaceum,Aceraceae,60,8,2
116,1471,26.944426,90.45351,22,17.36,3041.34,880.49,2573.14,225,90,Warm broad leaved forest (500-1500),Ficus neriifolia,Moraceae,90,5,2
116,1471,26.944426,90.45351,22,17.36,3041.34,880.49,2573.14,225,90,Warm broad leaved forest (500-1500),Schima wallichii,Theaceae,60,5,2
117,1605,26.943589,90.45644,24,16.62,3004.31,863.57,2527.82,225,60,Cool broadleaved forest (1500-3000),Lithocarpus elegans,Fagaceae,60,6,2
117,1605,26.943589,90.45644,24,16.62,3004.31,863.57,2527.82,225,60,Cool broadleaved forest (1500-3000),Litsea monopetala,Lauraceae,90,9,2
118,1130,26.932497,90.475301,35,19.2,2863,920.6,2315.31,90,60,Warm broad leaved forest (500-1500),Mangifera sylvatica,Acardiaceae,68,2,2
118,1130,26.932497,90.475301,35,19.2,2863,920.6,2315.31,90,60,Warm broad leaved forest (500-1500),Knema tenuinervia ,Myristicaceae,90,5,5
118,1130,26.932497,90.475301,35,19.2,2863,920.6,2315.31,90,60,Warm broad leaved forest (500-1500),Syzygium cumini,Myrtaceae,70,6,5
118,1130,26.932497,90.475301,35,19.2,2863,920.6,2315.31,90,60,Warm broad leaved forest (500-1500),Ostodes paniculata,Euphorbiaceae,90,6,2
118,1130,26.932497,90.475301,35,19.2,2863,920.6,2315.31,90,60,Warm broad leaved forest (500-1500),Rhus succedanea,Acardiaceae,90,2,10
118,1130,26.932497,90.475301,35,19.2,2863,920.6,2315.31,90,60,Warm broad leaved forest (500-1500),Pandanus nepalensis,Pandaceae,80,5,2
118,1130,26.932497,90.475301,35,19.2,2863,920.6,2315.31,90,60,Warm broad leaved forest (500-1500),Castanopsis indica,Fagaceae,90,5,2
119,1220,26.931449,90.471673,17,18.71,3272.45,909.13,2725.3,45,40,Warm broad leaved forest (500-1500),Ostodes paniculata,Euphorbiaceae,90,8,2
119,1220,26.931449,90.471673,17,18.71,3272.45,909.13,2725.3,45,40,Warm broad leaved forest (500-1500),Litsea monopetala,Lauraceae,90,5,2
120,1358,26.936029,90.468649,35,17.96,2832.52,892.85,2302.94,90,40,Warm broad leaved forest (500-1500),Macaranga denticulata,Euphorbiaceae,80,8,5
120,1358,26.936029,90.468649,35,17.96,2832.52,892.85,2302.94,90,40,Warm broad leaved forest (500-1500),Syzygium formosum,Myrtaceae,90,6,20
120,1358,26.936029,90.468649,35,17.96,2832.52,892.85,2302.94,90,40,Warm broad leaved forest (500-1500),Macropax dispermus,Araliaceae,60,5,2
120,1358,26.936029,90.468649,35,17.96,2832.52,892.85,2302.94,90,40,Warm broad leaved forest (500-1500),Engelhardia spicata,Juglandaceae,80,9,2
121,1591,26.939053,90.467407,10,16.69,3360.27,864.36,2855.45,45,60,Cool broadleaved forest (1500-3000),Symplocus lucida,Symplocaceae,90,5,2
121,1591,26.939053,90.467407,10,16.69,3360.27,864.36,2855.45,45,60,Cool broadleaved forest (1500-3000),Litsea monopetala,Lauraceae,80,5,2
121,1591,26.939053,90.467407,10,16.69,3360.27,864.36,2855.45,45,60,Cool broadleaved forest (1500-3000),Cinmomum glanduliferum,Lauraceae,80,6,2
121,1591,26.939053,90.467407,10,16.69,3360.27,864.36,2855.45,45,60,Cool broadleaved forest (1500-3000),Symplocus lucida,Symplocaceae,80,4,2
122,1293,26.940831,90.473934,45,18.32,2580.85,901.98,2060.97,0,30,Warm broad leaved forest (500-1500),Betula alnoides,Betulaceae,90,5,2
122,1293,26.940831,90.473934,45,18.32,2580.85,901.98,2060.97,0,30,Warm broad leaved forest (500-1500),Macaranga denticulata,Euphorbiaceae,90,5,2
123,1163,26.940903,90.478324,33,19.04,2828.7,918.25,2332.4,0,40,Warm broad leaved forest (500-1500),Alstonia scholaris,Apocyceae,90,5,2
124,1079,26.943323,90.480651,40,19.5,2660.11,929.26,2166.97,0,40,Warm broad leaved forest (500-1500),Castanopsis indica,Fagaceae,60,4,2
125,1106,26.946501,90.485064,47,19.36,2489.96,926.56,1996.94,0,20,Warm broad leaved forest (500-1500),Phoebe lanceolata,Lauraceae,60,5,2
126,1120,26.946085,90.490767,27,19.28,2907.44,924.72,2448.31,0,50,Warm broad leaved forest (500-1500),Phoebe lanceolata,Lauraceae,80,5,2
126,1120,26.946085,90.490767,27,19.28,2907.44,924.72,2448.31,0,50,Warm broad leaved forest (500-1500),Albizia lucidior,Leguminosae,80,5,2
126,1120,26.946085,90.490767,27,19.28,2907.44,924.72,2448.31,0,50,Warm broad leaved forest (500-1500),Cinmomum glanduliferum,Lauraceae,90,9,2
126,1120,26.946085,90.490767,27,19.28,2907.44,924.72,2448.31,0,50,Warm broad leaved forest (500-1500),Castanopsis indica,Fagaceae,60,5,2
127,790,26.948374,90.540515,32,21.1,2767.95,966.45,2317.33,90,40,Warm broad leaved forest (500-1500),Bridelia retusa,Euphorbiaceae,70,6,25
127,790,26.948374,90.540515,32,21.1,2767.95,966.45,2317.33,90,40,Warm broad leaved forest (500-1500),Syzygium operculatum,Myrtaceae,20,5,5
127,790,26.948374,90.540515,32,21.1,2767.95,966.45,2317.33,90,40,Warm broad leaved forest (500-1500),Symplocus sumuntia,Symplocaceae,50,4,5
128,760,26.944756,90.533992,45,21.25,2533.02,969.44,2037.46,315,50,Warm broad leaved forest (500-1500),Bridelia retusa,Euphorbiaceae,60,5,5
128,760,26.944756,90.533992,45,21.25,2533.02,969.44,2037.46,315,50,Warm broad leaved forest (500-1500),Reevesia pubescens,Sterculiaceae,60,5,5
128,760,26.944756,90.533992,45,21.25,2533.02,969.44,2037.46,315,50,Warm broad leaved forest (500-1500),Symplocus sumuntia,Symplocaceae,50,5,8
128,760,26.944756,90.533992,45,21.25,2533.02,969.44,2037.46,315,50,Warm broad leaved forest (500-1500),Castanopsis indica,Fagaceae,60,7,20
128,760,26.944756,90.533992,45,21.25,2533.02,969.44,2037.46,315,50,Warm broad leaved forest (500-1500),Albiza procera,Leguminosae,40,5,4
129,663,26.953411,90.531838,38,21.8,2602.46,983.39,2170.17,45,58,Warm broad leaved forest (500-1500),Magnolia hogdsonii,Magnoliaceae,50,5,5
129,663,26.953411,90.531838,38,21.8,2602.46,983.39,2170.17,45,58,Warm broad leaved forest (500-1500),Myrica esculenta,Myricaceae,60,7,20
130,585,26.95511,90.525788,30,22.23,2755.06,993.5,2348.53,270,40,Warm broad leaved forest (500-1500),Symplocus sumuntia,Symplocaceae,20,2,5
130,585,26.95511,90.525788,30,22.23,2755.06,993.5,2348.53,270,40,Warm broad leaved forest (500-1500),Myrica esculenta,Myricaceae,80,8,5
132,389,26.953151,90.508695,22,23.3,2947.49,1017.59,2543.56,225,50,Warm broad leaved forest (500-1500),Ostodes paniculata,Euphorbiaceae,20,5,5
132,389,26.953151,90.508695,22,23.3,2947.49,1017.59,2543.56,225,50,Warm broad leaved forest (500-1500),Pterospermum acerifolium,Sterculiaceae,40,5,20
133,540,26.946169,90.518964,30,22.46,2835.2,997.24,2379.67,225,50,Warm broad leaved forest (500-1500),Myrica esculenta,Myricaceae,10,2,4
133,540,26.946169,90.518964,30,22.46,2835.2,997.24,2379.67,225,50,Warm broad leaved forest (500-1500),Cinmomum glanduliferum,Lauraceae,4,2,2
133,540,26.946169,90.518964,30,22.46,2835.2,997.24,2379.67,225,50,Warm broad leaved forest (500-1500),Symplocus sumuntia,Symplocaceae,20,5,5
133,540,26.946169,90.518964,30,22.46,2835.2,997.24,2379.67,225,50,Warm broad leaved forest (500-1500),Pterospermum acerifolium,Sterculiaceae,30,4,4
134,357,26.939943,90.521033,27,23.45,2955.55,1018.8,2469.18,270,60,Warm broad leaved forest (500-1500),Pterospermum acerifolium,Sterculiaceae,60,5,5
134,357,26.939943,90.521033,27,23.45,2955.55,1018.8,2469.18,270,60,Warm broad leaved forest (500-1500),Aphamaxis polystacya,Meliaceae,20,4,2
135,390,26.940362,90.511669,22,23.27,3063.83,1014.76,2583.28,45,50,Warm broad leaved forest (500-1500),Aphamaxis polystacya,Meliaceae,20,4,2
136,353,26.898976,90.433494,0,23.39,4039.34,1010.65,3236.6,270,30,Sub-tropical forest (100-500),Schima wallichii,Theaceae,60,5,2
136,353,26.898976,90.433494,0,23.39,4039.34,1010.65,3236.6,270,30,Sub-tropical forest (100-500),Castanopsis indica,Fagaceae,80,5,5
136,353,26.898976,90.433494,0,23.39,4039.34,1010.65,3236.6,270,30,Sub-tropical forest (100-500),Albizia lucidior,Leguminosae,60,5,5
137,493,26.91453,90.444251,10,22.65,3617.01,996.43,2955.89,180,25,Sub-tropical forest (100-500),Castanopsis indica,Fagaceae,90,4,2
138,563,26.915837,90.440172,20,22.27,3368.2,987.96,2726.02,45,40,Warm broad leaved forest (500-1500),Castanopsis indica,Fagaceae,90,4,2
139,517,26.918264,90.436432,20,22.53,3344.54,994.22,2720.1,225,30,Warm broad leaved forest (500-1500),Castanopsis indica,Fagaceae,90,4,2
140,515,26.924954,90.432194,35,22.56,2944.05,995.88,2361.17,180,40,Warm broad leaved forest (500-1500),Castanopsis indica,Fagaceae,80,9,2
140,515,26.924954,90.432194,35,22.56,2944.05,995.88,2361.17,180,40,Warm broad leaved forest (500-1500),Murraya paniculata,Rutaceae,90,5,2
141,494,26.919708,90.42612,45,22.66,2780.47,997.4,2154.01,90,30,Sub-tropical forest (100-500),Alstonia scholaris,Apocyceae,90,5,2
141,494,26.919708,90.42612,45,22.66,2780.47,997.4,2154.01,90,30,Sub-tropical forest (100-500),Castanopsis indica,Fagaceae,90,9,8
141,494,26.919708,90.42612,45,22.66,2780.47,997.4,2154.01,90,30,Sub-tropical forest (100-500),Ficus racemosa,Moraceae,90,8,2
141,494,26.919708,90.42612,45,22.66,2780.47,997.4,2154.01,90,30,Sub-tropical forest (100-500),Pterospermum acerifolium,Sterculiaceae,90,10,2
142,644,26.92597,90.420319,13,21.85,3433.89,979.97,2856.99,315,25,Warm broad leaved forest (500-1500),Ostodes paniculata,Euphorbiaceae,60,8,2
143,353,26.898918,90.436604,4,23.39,3938.02,1010.64,3145.42,180,60,Sub-tropical forest (100-500),Cinmomum glanduliferum,Lauraceae,80,5,2
143,353,26.898918,90.436604,4,23.39,3938.02,1010.64,3145.42,180,60,Sub-tropical forest (100-500),Castanopsis tribuloides,Fagaceae,60,9,2
143,353,26.898918,90.436604,4,23.39,3938.02,1010.64,3145.42,180,60,Sub-tropical forest (100-500),Aphamaxis polystacya,Meliaceae,60,5,2
143,353,26.898918,90.436604,4,23.39,3938.02,1010.64,3145.42,180,60,Sub-tropical forest (100-500),Glochidion acumitum,Euphorbiaceae,60,5,2
143,353,26.898918,90.436604,4,23.39,3938.02,1010.64,3145.42,180,60,Sub-tropical forest (100-500),Michelia doltsapa,Magnoliaceae,60,6,2
144,382,26.903852,90.436092,4,23.24,3882.6,1008.05,3129.49,180,20,Sub-tropical forest (100-500),Syzygium cumini,Myrtaceae,40,5,2
144,382,26.903852,90.436092,4,23.24,3882.6,1008.05,3129.49,180,20,Sub-tropical forest (100-500),lagerstroemia speciosa,Lythraceae,90,5,2
144,382,26.903852,90.436092,4,23.24,3882.6,1008.05,3129.49,180,20,Sub-tropical forest (100-500),Schima wallichii,Theaceae,60,5,2
145,405,26.918404,90.491804,7,23.14,3634.63,1008.25,2997.97,45,40,Sub-tropical forest (100-500),Neolitsea cassia,Lauraceae,0,0,0
146,450,26.921374,90.491924,27,22.9,3139.15,1003.25,2535.86,45,40,Sub-tropical forest (100-500),Phoebe attenuata,Lauraceae,7,2,1
147,435,26.923953,90.491011,27,22.99,3114.3,1005.67,2528.16,45,40,Sub-tropical forest (100-500),Phoebe attenuata,Lauraceae,7,2,1
148,470,26.927284,90.487684,28,22.81,3060.91,1002,2495.5,180,40,Sub-tropical forest (100-500),Phoebe attenuata,Lauraceae,7,2,1
149,386,26.91272,90.484821,25,23.24,3272.39,1009.43,2611.65,180,40,Sub-tropical forest (100-500),Schima wallichii,Theaceae,2,5,1
149,386,26.91272,90.484821,25,23.24,3272.39,1009.43,2611.65,180,40,Sub-tropical forest (100-500),Albizia lucidior,Leguminosae,25,4,1
150,469,26.916587,90.483691,28,22.79,3165.94,999.87,2530.74,270,40,Sub-tropical forest (100-500),Albizia lucidior,Leguminosae,25,4,1
151,957,26.928758,90.471957,5,20.14,3580.33,941.44,3008.65,90,95,Sub-tropical forest (100-500),Syzygium tetragonum,Myrtaceae,5,3,25
152,1030,26.928758,90.471957,38,19.74,2834.06,932.31,2261.82,45,60,Sub-tropical forest (100-500),Syzygium tetragonum,Myrtaceae,5,3,25
153,762,26.923555,90.476554,40,21.2,2838.22,964.71,2235.5,135,95,Sub-tropical forest (100-500),Oroxylum indicum,Bignoniaceae,0.15,5,5
153,762,26.923555,90.476554,40,21.2,2838.22,964.71,2235.5,135,95,Sub-tropical forest (100-500),Ailanthus grandis,Alangiaceae,0.6,5,5
154,363,26.895308,90.544089,20,23.33,3555.15,1008.62,2762.05,270,30,Sub-tropical forest (100-500),Cinmomum glanduliferum,Lauraceae,40,7,5
154,363,26.895308,90.544089,20,23.33,3555.15,1008.62,2762.05,270,30,Sub-tropical forest (100-500),Beilschmiedia gammiea,Lauraceae,60,5,4
155,412,26.900101,90.546163,15,23.07,3622.36,1003.51,2858.49,180,30,Sub-tropical forest (100-500),Osmanthus suavis,Oleaceae,30,4,20
155,412,26.900101,90.546163,15,23.07,3622.36,1003.51,2858.49,180,30,Sub-tropical forest (100-500),Macaranga peltata,Euphorbiaceae,0,4,20
155,412,26.900101,90.546163,15,23.07,3622.36,1003.51,2858.49,180,30,Sub-tropical forest (100-500),Cinmomum virum,Lauraceae,30,4,20
156,532,26.903881,90.551045,15,22.42,3580.15,989.31,2843.3,270,50,Sub-tropical forest (100-500),Cinmomum virum,Lauraceae,40,5,5
156,532,26.903881,90.551045,15,22.42,3580.15,989.31,2843.3,270,50,Sub-tropical forest (100-500),Stereospermum chelonoides,Bignoniaceae,30,5,5
156,532,26.903881,90.551045,15,22.42,3580.15,989.31,2843.3,270,50,Sub-tropical forest (100-500),Albizia lebbeck,Leguminosae,15,5,2
156,532,26.903881,90.551045,15,22.42,3580.15,989.31,2843.3,270,50,Sub-tropical forest (100-500),Trewia nudiflora,Euphorbiaceae,20,4,2
156,532,26.903881,90.551045,15,22.42,3580.15,989.31,2843.3,270,50,Sub-tropical forest (100-500),Termilia myriocarpa,Combretaceae,15,5,0.5
157,574,26.906261,90.553161,5,22.19,3796.56,984.56,3060.49,135,30,Warm broad leaved forest (500-1500),Cinmomum virum,Lauraceae,40,7,5
158,646,26.909146,90.556305,20,21.81,3404.91,976.17,2710.35,225,60,Warm broad leaved forest (500-1500),Cinmomum virum,Lauraceae,60,5,2
158,646,26.909146,90.556305,20,21.81,3404.91,976.17,2710.35,225,60,Warm broad leaved forest (500-1500),Syzygium formosum,Myrtaceae,40,4,2
158,646,26.909146,90.556305,20,21.81,3404.91,976.17,2710.35,225,60,Warm broad leaved forest (500-1500),Lepisanthes senegalensis,Sapindaceae,20,5,2
158,646,26.909146,90.556305,20,21.81,3404.91,976.17,2710.35,225,60,Warm broad leaved forest (500-1500),Mangifera sylvatica,Acardiaceae,30,5,2
159,747,26.909073,90.558701,24,21.25,3312.28,963.53,2618.03,315,60,Warm broad leaved forest (500-1500),Termilia tomentosa  ,Combretaceae,10,5,4
160,451,26.921386,90.542636,10,22.9,3517.25,1003.13,2904.39,45,30,Sub-tropical forest (100-500),Pterospermum acerifolium,Sterculiaceae,60,5,2
160,451,26.921386,90.542636,10,22.9,3517.25,1003.13,2904.39,45,30,Sub-tropical forest (100-500),Castanopsis indica,Fagaceae,60,5,20
160,451,26.921386,90.542636,10,22.9,3517.25,1003.13,2904.39,45,30,Sub-tropical forest (100-500),Rhododendron arboreum,Ericaceae,50,2,1
161,512,26.921957,90.545361,35,22.57,2943.08,995.63,2335.88,0,30,Sub-tropical forest (100-500),Cinmomum virum,Lauraceae,90,8,2
161,512,26.921957,90.545361,35,22.57,2943.08,995.63,2335.88,0,30,Sub-tropical forest (100-500),Prunus cerasoides,Rosaceae,80,8,2
162,522,26.924023,90.547898,35,22.52,2922.97,994.81,2328.39,135,38,Warm broad leaved forest (500-1500),Butea Monosperma,Fabaceae,90,5,20
162,522,26.924023,90.547898,35,22.52,2922.97,994.81,2328.39,135,38,Warm broad leaved forest (500-1500),Cinmomum glanduliferum,Lauraceae,60,5,2
162,522,26.924023,90.547898,35,22.52,2922.97,994.81,2328.39,135,39,Warm broad leaved forest (500-1500),Michelia doltsapa,Magnoliaceae,60,6,5
163,645,26.870013,90.190148,15,21.73,4072.17,968.03,3060.5,225,80,Warm broad leaved forest (500-1500),Schima wallichii,Theaceae,5,1,1
163,645,26.870013,90.190148,15,21.73,4072.17,968.03,3060.5,225,80,Warm broad leaved forest (500-1500),Alnus nepalensis,Betulaceae,200,3,70
163,645,26.870013,90.190148,15,21.73,4072.17,968.03,3060.5,225,80,Warm broad leaved forest (500-1500),Litsea monopetala,Lauraceae,35,1,3
164,682,26.868244,90.186087,10,21.53,4223.79,963.04,3179.86,135,30,Warm broad leaved forest (500-1500),Ficus roxburgii,Moraceae,10,1,1
165,648,26.866997,90.193911,20,21.71,3980.4,967.02,2955.89,180,90,Warm broad leaved forest (500-1500),Litsea monopetala,Lauraceae,200,2,4
165,648,26.866997,90.193911,20,21.71,3980.4,967.02,2955.89,180,90,Warm broad leaved forest (500-1500),Pterospermum acerifolium,Sterculiaceae,55,2,1
165,648,26.866997,90.193911,20,21.71,3980.4,967.02,2955.89,180,90,Warm broad leaved forest (500-1500),Schima wallichii,Theaceae,350,4,20
166,581,26.862943,90.198932,35,22.07,3655.99,974.54,2629.16,180,70,Warm broad leaved forest (500-1500),Phoebe lanceolata,Lauraceae,70,2,3
166,581,26.862943,90.198932,35,22.07,3655.99,974.54,2629.16,180,70,Warm broad leaved forest (500-1500),Albizia lucidior,Leguminosae,4,1,1
166,581,26.862943,90.198932,35,22.07,3655.99,974.54,2629.16,180,70,Warm broad leaved forest (500-1500),Schima wallichii,Theaceae,800,7,90
166,581,26.862943,90.198932,35,22.07,3655.99,974.54,2629.16,180,70,Warm broad leaved forest (500-1500),Mangifera sylvatica,Acardiaceae,180,3,7
167,343,26.869789,90.216851,11,23.39,4169.43,1005.74,3147.62,180,30,Sub-tropical forest (100-500),Albizia lucidior,Leguminosae,11,1,5
168,354,26.870022,90.209988,30,23.33,3692.44,1004.41,2719.44,135,45,Sub-tropical forest (100-500),Neolitsea cassia,Lauraceae,95,2,3
169,436,26.876267,90.206768,30,22.89,3622.28,995.48,2699.43,225,35,Sub-tropical forest (100-500),Neolitsea cassia,Lauraceae,95,2,3
170,456,26.882367,90.200879,8,22.79,4099.93,994.27,3178.78,225,60,Sub-tropical forest (100-500),Trewia nudiflora,Euphorbiaceae,30,1,5
170,456,26.882367,90.200879,8,22.79,4099.93,994.27,3178.78,225,60,Sub-tropical forest (100-500),Albizia lebbeck,Leguminosae,4,1,2
170,456,26.882367,90.200879,8,22.79,4099.93,994.27,3178.78,225,60,Sub-tropical forest (100-500),Dillenia indica,Dilleniaceae,1.2,3,34
171,486,26.8831,90.194407,34,22.63,3454.87,990.67,2590.43,45,60,Sub-tropical forest (100-500),Brassaiopsis hainla,Araliaceae,90,3,40
171,486,26.8831,90.194407,34,22.63,3454.87,990.67,2590.43,45,60,Sub-tropical forest (100-500),Mallotus philippinensis,Euphorbiaceae,1,2,3
172,890,26.857785,90.59288,21,20.36,3946.62,934.83,2836.29,135,60,Warm broad leaved forest (500-1500),Mallotus philippinensis,Euphorbiaceae,1,2,3
173,1045,26.859914,90.596602,20,19.52,3944.91,915.9,2848.81,90,60,Warm broad leaved forest (500-1500),Litsea monopetala,Lauraceae,20,5,5
173,1045,26.859914,90.596602,20,19.52,3944.91,915.9,2848.81,90,60,Warm broad leaved forest (500-1500),Ostodes paniculata,Euphorbiaceae,20,5,4
174,475,26.884809,90.581893,17,22.69,3732.93,992.41,2850,0,40,Sub-tropical forest (100-500),Cinmomum glanduliferum,Lauraceae,20,4,20
174,475,26.884809,90.581893,17,22.69,3732.93,992.41,2850,0,40,Sub-tropical forest (100-500),Reevesia pubescens,Sterculiaceae,90,5,5
174,475,26.884809,90.581893,17,22.69,3732.93,992.41,2850,0,40,Sub-tropical forest (100-500),Castanopsis indica,Fagaceae,30,5,2
175,543,26.884134,90.587,15,22.32,3788.15,983.77,2894.82,315,40,Sub-tropical forest (100-500),Pterospermum acerifolium,Sterculiaceae,30,5,5
175,543,26.884134,90.587,15,22.32,3788.15,983.77,2894.82,315,40,Sub-tropical forest (100-500),Cinmomum glanduliferum,Lauraceae,30,5,20
175,543,26.884134,90.587,15,22.32,3788.15,983.77,2894.82,315,40,Sub-tropical forest (100-500),Litsea monopetala,Lauraceae,30,5,20
175,543,26.884134,90.587,15,22.32,3788.15,983.77,2894.82,315,40,Sub-tropical forest (100-500),Glochidion acumitum,Euphorbiaceae,30,4,2
176,654,26.882458,90.589523,15,21.71,3806.55,969.54,2897.82,315,50,Warm broad leaved forest (500-1500),Pterospermum acerifolium,Sterculiaceae,40,5,2
176,654,26.882458,90.589523,15,21.71,3806.55,969.54,2897.82,315,50,Warm broad leaved forest (500-1500),Syzygium formosum,Myrtaceae,90,7,2
177,799,26.883035,90.593477,17,20.91,3749.64,951.53,2847.54,315,20,Warm broad leaved forest (500-1500),Cinmomum glanduliferum,Lauraceae,20,5,5
177,799,26.883035,90.593477,17,20.91,3749.64,951.53,2847.54,315,20,Warm broad leaved forest (500-1500),Mangifera sylvatica,Acardiaceae,20,5,2
177,799,26.883035,90.593477,17,20.91,3749.64,951.53,2847.54,315,20,Warm broad leaved forest (500-1500),Castanopsis indica,Fagaceae,20,6,20
178,890,26.882591,90.596188,12,20.41,3877.44,940.06,2959.84,315,40,Warm broad leaved forest (500-1500),Litsea monopetala,Lauraceae,20,5,25
178,890,26.882591,90.596188,12,20.41,3877.44,940.06,2959.84,315,40,Warm broad leaved forest (500-1500),Lithocarpus elegans,Fagaceae,20,4,5
178,890,26.882591,90.596188,12,20.41,3877.44,940.06,2959.84,315,40,Warm broad leaved forest (500-1500),Castanopsis indica,Fagaceae,30,4,25
178,890,26.882591,90.596188,12,20.41,3877.44,940.06,2959.84,315,40,Warm broad leaved forest (500-1500),Castanopsis indica,Fagaceae,20,4,20
178,890,26.882591,90.596188,12,20.41,3877.44,940.06,2959.84,315,40,Warm broad leaved forest (500-1500),Lithocarpus elegans,Fagaceae,20,5,2
#N/A,1083,26.882779,90.599534,15,19.36,3799.94,915.98,2887.71,0,48,Warm broad leaved forest (500-1500),Castanopsis indica,Fagaceae,20,5,25
#N/A,1083,26.882779,90.599534,15,19.36,3799.94,915.98,2887.71,0,48,Warm broad leaved forest (500-1500),Litsea monopetala,Lauraceae,20,5,10
179,1153,26.881392,90.603159,24,18.97,3595.66,906.94,2686.62,0,60,Warm broad leaved forest (500-1500),Cinmomum glanduliferum,Lauraceae,30,5,10
179,1153,26.881392,90.603159,24,18.97,3595.66,906.94,2686.62,0,60,Warm broad leaved forest (500-1500),Morus laevigata,Moraceae,90,5,20
179,1153,26.881392,90.603159,24,18.97,3595.66,906.94,2686.62,0,60,Warm broad leaved forest (500-1500),Symplocus sumuntia,Symplocaceae,60,5,20
179,1153,26.881392,90.603159,24,18.97,3595.66,906.94,2686.62,0,60,Warm broad leaved forest (500-1500),Castanopsis indica,Fagaceae,50,5,5
#N/A,560,26.949635,90.520314,55,22.36,2299.63,995.47,1802.96,225,40,Warm broad leaved forest (500-1500),Castanopsis indica,Fagaceae,50,5,5
180,268,26.838249,90.19912,0,23.73,4881.63,1008.45,3502.96,180,80,Sub-tropical forest (100-500),Quercus lamellosa,Fagaceae,3500,3,3
180,268,26.838249,90.19912,0,23.73,4881.63,1008.45,3502.96,180,80,Sub-tropical forest (100-500),Aphamaxis polystacya,Meliaceae,4500,2,3
180,268,26.838249,90.19912,0,23.73,4881.63,1008.45,3502.96,180,80,Sub-tropical forest (100-500),Syzygium tetragonum,Myrtaceae,3500,2,1
180,268,26.838174,90.19906,0,23.73,4882.69,1008.44,3503.22,180,80,Sub-tropical forest (100-500),Quercus lamellosa,Fagaceae,3500,3,3
180,268,26.838174,90.19906,0,23.73,4882.69,1008.44,3503.22,180,80,Sub-tropical forest (100-500),Aphamaxis polystacya,Meliaceae,4500,2,3
180,268,26.838174,90.19906,0,23.73,4882.69,1008.44,3503.22,180,80,Sub-tropical forest (100-500),Syzygium tetragonum,Myrtaceae,3500,2,1
181,278,26.83578,90.195452,4,23.67,4805.63,1006.68,3421.4,225,70,Warm broad leaved forest (500-1500),Neolitsea cassia,Lauraceae,95,2,1
181,278,26.83578,90.195452,4,23.67,4805.63,1006.68,3421.4,225,70,Warm broad leaved forest (500-1500),Schima wallichii,Theaceae,5,1,2
181,278,26.83578,90.195452,4,23.67,4805.63,1006.68,3421.4,225,70,Warm broad leaved forest (500-1500),Stereospermum tetragonum,Bignoniaceae,10,1,1
181,278,26.83578,90.195452,4,23.67,4805.63,1006.68,3421.4,225,70,Warm broad leaved forest (500-1500),Aphamaxis polystacya,Meliaceae,70,1,1
181,262,26.842026,90.193523,5,23.77,4693.42,1010,3379.77,135,40,Warm broad leaved forest (500-1500),Neolitsea cassia,Lauraceae,95,2,1
181,262,26.842026,90.193523,5,23.77,4693.42,1010,3379.77,135,40,Warm broad leaved forest (500-1500),Schima wallichii,Theaceae,5,1,2
181,262,26.842026,90.193523,5,23.77,4693.42,1010,3379.77,135,40,Warm broad leaved forest (500-1500),Stereospermum tetragonum,Bignoniaceae,10,1,1
181,262,26.842026,90.193523,5,23.77,4693.42,1010,3379.77,135,40,Warm broad leaved forest (500-1500),Aphamaxis polystacya,Meliaceae,70,1,1
182,262,26.842026,90.193523,5,23.77,4693.42,1010,3379.77,135,41,Warm broad leaved forest (500-1500),Sapindus rarak,Sapindaceae,5,1,0
182,262,26.842026,90.193523,5,23.77,4693.42,1010,3379.77,135,42,Warm broad leaved forest (500-1500),Albizia lebbeck,Leguminosae,4,1,5
183,358,26.829701,90.190326,5,23.22,4863.99,995.4,3418.58,180,5,Sub-tropical forest (100-500),Aphamaxis polystacya,Meliaceae,35,1,1
183,358,26.829701,90.190326,5,23.22,4863.99,995.4,3418.58,180,5,Sub-tropical forest (100-500),Murraya koenigii,Rutaceae,100,2,2
184,375,26.827862,90.187711,6,23.13,4862.74,992.89,3402.39,180,20,Sub-tropical forest (100-500),Albizia lucidior,Leguminosae,122,3,2
184,375,26.827862,90.187711,6,23.13,4862.74,992.89,3402.39,180,20,Sub-tropical forest (100-500),Schima wallichii,Theaceae,62,2,3
184,375,26.827862,90.187711,6,23.13,4862.74,992.89,3402.39,180,20,Sub-tropical forest (100-500),Murraya koenigii,Rutaceae,71,2,5
185,500,26.829513,90.185009,45,22.44,3816.01,977.61,2514.82,135,90,Sub-tropical forest (100-500),Polyalthia simiarum,Annoceae,100,2,10
186,267,26.845273,90.189045,15,23.75,4382.42,1010.06,3144.76,225,70,Sub-tropical forest (100-500),Albiza procera,Leguminosae,65,2,5
187,260,26.846215,90.184637,1,23.79,4749.68,1011.14,3459.62,45,70,Sub-tropical forest (100-500),Albiza procera,Leguminosae,65,2,5
188,338,26.846465,90.181236,35,23.37,3856.6,1001.44,2690.38,315,55,Warm broad leaved forest (500-1500),Stereospermum suaveolens,Bignoniaceae,94,2,5
188,338,26.846465,90.181236,35,23.37,3856.6,1001.44,2690.38,315,55,Warm broad leaved forest (500-1500),Pterospermum acerifolium,Sterculiaceae,120,3,8
188,338,26.846465,90.181236,35,23.37,3856.6,1001.44,2690.38,315,55,Warm broad leaved forest (500-1500),Litsea nilagirica,Lauraceae,16,1,1
189,338,26.834807,90.609049,22,23.34,4203.6,998.98,2889.46,135,25,Sub-tropical forest (100-500),Alnus nepalensis,Betulaceae,40,4,2
189,338,26.834807,90.609049,22,23.34,4203.6,998.98,2889.46,135,25,Sub-tropical forest (100-500),Myrsine seguinii,Myrsiceae,20,5,4
190,329,26.83746,90.608453,15,23.4,4352.4,1000.66,3039.54,180,40,Sub-tropical forest (100-500),Beilschmiedia gammiea,Lauraceae,50,6,3
190,329,26.83746,90.608453,15,23.4,4352.4,1000.66,3039.54,180,40,Sub-tropical forest (100-500),Osmanthus suavis,Oleaceae,10,2,3
191,372,26.840526,90.609688,16,23.17,4285.82,995.94,3006.22,135,30,Sub-tropical forest (100-500),Ostodes paniculata,Euphorbiaceae,30,5,15
191,372,26.840526,90.609688,16,23.17,4285.82,995.94,3006.22,135,30,Sub-tropical forest (100-500),Cinmomum virum,Lauraceae,30,4,20
191,372,26.840526,90.609688,16,23.17,4285.82,995.94,3006.22,135,30,Sub-tropical forest (100-500),Pterospermum acerifolium,Sterculiaceae,10,5,1
191,372,26.840526,90.609688,16,23.17,4285.82,995.94,3006.22,135,30,Sub-tropical forest (100-500),Symplocus sumuntia,Symplocaceae,20,5,5
192,479,26.845475,90.608699,34,22.59,3767.66,983.6,2582.5,270,60,Sub-tropical forest (100-500),Pterospermum acerifolium,Sterculiaceae,60,4,4
192,479,26.845475,90.608699,34,22.59,3767.66,983.6,2582.5,270,60,Sub-tropical forest (100-500),lepisanthes rubiginosa,Opiliaceae,20,4,2
192,479,26.845475,90.608699,34,22.59,3767.66,983.6,2582.5,270,60,Sub-tropical forest (100-500),Sapindus rarak,Sapindaceae,30,5,20
193,520,26.849019,90.606233,36,22.37,3677.25,979.23,2526.22,90,60,Sub-tropical forest (100-500),Symplocus sumuntia,Symplocaceae,20,5,20
193,520,26.849019,90.606233,36,22.37,3677.25,979.23,2526.22,90,60,Sub-tropical forest (100-500),Castanopsis indica,Fagaceae,20,4,20
193,520,26.849019,90.606233,36,22.37,3677.25,979.23,2526.22,90,60,Sub-tropical forest (100-500),Castanopsis indica,Fagaceae,60,5,20
194,611,26.851145,90.603119,20,21.88,4050.12,968.3,2880.75,90,60,Warm broad leaved forest (500-1500),Castanopsis indica,Fagaceae,60,5,20
195,655,26.852205,90.599982,28,21.64,3837.18,963.03,2696.93,0,60,Warm broad leaved forest (500-1500),Symplocus sumuntia,Symplocaceae,30,5,5
195,655,26.852205,90.599982,28,21.64,3837.18,963.03,2696.93,0,60,Warm broad leaved forest (500-1500),Syzygium operculatum,Myrtaceae,40,5,5
195,655,26.852205,90.599982,28,21.64,3837.18,963.03,2696.93,0,60,Warm broad leaved forest (500-1500),Castanopsis indica,Fagaceae,60,5,30
196,718,26.854184,90.596642,20,21.3,4014.62,955.57,2871.59,90,60,Warm broad leaved forest (500-1500),Mangifera sylvatica,Acardiaceae,30,4,20
197,821,26.85552,90.594784,25,20.74,3873.34,942.98,2753.47,45,50,Warm broad leaved forest (500-1500),Pterospermum acerifolium,Sterculiaceae,30,5,20
197,821,26.85552,90.594784,25,20.74,3873.34,942.98,2753.47,45,50,Warm broad leaved forest (500-1500),Pterospermum acerifolium,Sterculiaceae,40,50,5
197,821,26.85552,90.594784,25,20.74,3873.34,942.98,2753.47,45,50,Warm broad leaved forest (500-1500),Benkara sinensis,Commeliceae,90,5,20
197,821,26.85552,90.594784,25,20.74,3873.34,942.98,2753.47,45,51,Warm broad leaved forest (500-1500),Lithocarpus elegans,Fagaceae,30,1,4
197,821,26.85552,90.594784,25,20.74,3873.34,942.98,2753.47,45,52,Warm broad leaved forest (500-1500),Syzygium cumini,Myrtaceae,50,5,2
199,1312,27.085488,90.318041,3,18.51,2388.76,930.15,2598.19,135,40,Warm broad leaved forest (500-1500),Tetradium fraxinifolium,Rutaceae,0.8,2,30
200,1716,27.087666,90.366042,17,16.3,2099.72,880.11,2254.43,135,80,Cool broadleaved forest (1500-3000),Symplocus lucida,Symplocaceae,13,1,1
201,1160,27.060063,90.325592,2,19.3,2572.42,943.78,2701.4,180,60,Warm broad leaved forest (500-1500),Duabanga grandiflora,Sonneratiaceae,150,3,3
201,1086,27.052492,90.367512,23,19.69,2202.63,951.43,2238.98,225,70,Warm broad leaved forest (500-1500),Duabanga grandiflora,Sonneratiaceae,150,3,3
202,1086,27.052492,90.367512,23,19.69,2202.63,951.43,2238.98,225,71,Warm broad leaved forest (500-1500),Ostodes paniculata,Euphorbiaceae,2.5,4,30
202,1086,27.052492,90.367512,23,19.69,2202.63,951.43,2238.98,225,72,Warm broad leaved forest (500-1500),Cinmomum bejolghota,Lauraceae,1.2,2,20
202,1086,27.052492,90.367512,23,19.69,2202.63,951.43,2238.98,225,73,Warm broad leaved forest (500-1500),Ostodes paniculata,Euphorbiaceae,80,2,10
203,1086,27.063318,90.39539,7,19.71,2433.94,953.72,2557.59,45,75,Warm broad leaved forest (500-1500),Brassaiopsis hainla,Araliaceae,1.2,3,10
204,1101,27.064294,90.439079,2,19.63,2516.62,952.05,2653.82,90,45,Warm broad leaved forest (500-1500),Brassaiopsis hainla,Araliaceae,1.2,3,10
206,1343,27.058988,90.460721,15,18.29,2291.52,920.68,2366.83,135,60,Warm broad leaved forest (500-1500),Brassaiopsis hainla,Araliaceae,1.2,3,10
207,1656,27.019355,90.393969,16,16.49,2561.5,873.19,2486.36,0,50,Cool broadleaved forest (1500-3000),Symplocus glomerata,Symplocaceae,45,2,1
207,1656,27.019355,90.393969,16,16.49,2561.5,873.19,2486.36,0,50,Cool broadleaved forest (1500-3000),Castanopsis hystrix,Fagaceae,50,2,1
207,1656,27.019355,90.393969,16,16.49,2561.5,873.19,2486.36,0,50,Cool broadleaved forest (1500-3000),Acer campbelli,Sapindaceae,300,4,1
208,726,27.018304,90.540456,20,21.59,2454.16,989.21,2367.21,315,40,Warm broad leaved forest (500-1500),Schima wallichii,Theaceae,40,5,3
208,726,27.018304,90.540456,20,21.59,2454.16,989.21,2367.21,315,40,Warm broad leaved forest (500-1500),Castanopsis indica,Fagaceae,20,4,4
209,1353,27.001734,90.562104,10,18.12,2779.49,907.34,2630.42,225,40,Warm broad leaved forest (500-1500),Syzygium operculatum,Myrtaceae,20,4,2
209,1353,27.001734,90.562104,10,18.12,2779.49,907.34,2630.42,225,40,Warm broad leaved forest (500-1500),Cinmomum virum,Lauraceae,60,5,2
209,1353,27.001734,90.562104,10,18.12,2779.49,907.34,2630.42,225,40,Warm broad leaved forest (500-1500),Castanopsis hystrix,Fagaceae,30,5,20
210,1003,27.009519,90.582475,27,20.05,2370.54,952.73,2220.1,135,60,Cool broadleaved forest (1500-3000),Prunus cerasoides,Rosaceae,20,5,0
210,1003,27.009519,90.582475,27,20.05,2370.54,952.73,2220.1,135,60,Cool broadleaved forest (1500-3000),Castanopsis indica,Fagaceae,40,4,20
211,1639,26.943504,90.459066,20,16.43,3092.75,859.3,2617.21,315,70,Cool broadleaved forest (1500-3000),Saurauja nepaulensis,Actinidiaceae,80,8,2
211,1639,26.943504,90.459066,20,16.43,3092.75,859.3,2617.21,315,70,Cool broadleaved forest (1500-3000),Phoebe attenuata,Lauraceae,50,5,2
211,1639,26.943504,90.459066,20,16.43,3092.75,859.3,2617.21,315,70,Cool broadleaved forest (1500-3000),Castanopsis hystrix,Fagaceae,68,5,2
212,1217,26.944349,90.48686,35,18.75,2753.67,912.23,2272.87,45,40,Warm broad leaved forest (500-1500),Engelhardia spicata,Juglandaceae,60,2,2
212,1217,26.944349,90.48686,35,18.75,2753.67,912.23,2272.87,45,40,Warm broad leaved forest (500-1500),Syzygium cumini,Myrtaceae,50,5,2
212,1217,26.944349,90.48686,35,18.75,2753.67,912.23,2272.87,45,40,Warm broad leaved forest (500-1500),Morus laevigata,Moraceae,90,10,5
212,1217,26.944349,90.48686,35,18.75,2753.67,912.23,2272.87,45,40,Warm broad leaved forest (500-1500),Gmeli arborea,Verbeceae,50,4,2
212,1217,26.944349,90.48686,35,18.75,2753.67,912.23,2272.87,45,40,Warm broad leaved forest (500-1500),Oroxylum indicum,Bignoniaceae,10,2,4
213,316,26.929423,90.507003,15,23.66,3328.74,1021.7,2778.71,90,40,Sub-tropical forest (100-500),Pterospermum acerifolium,Sterculiaceae,90,4,10
214,401,26.907853,90.435609,4,23.15,3838.29,1006.52,3116.66,180,10,Sub-tropical forest (100-500),Schima wallichii,Theaceae,70,6,4
214,401,26.907853,90.435609,4,23.15,3838.29,1006.52,3116.66,180,10,Sub-tropical forest (100-500),Syzygium cumini,Myrtaceae,60,6,2
215,675,26.923849,90.484312,30,21.68,3050.45,975.65,2459.39,45,60,Sub-tropical forest (100-500),Taberemonta divaricata,Apocyceae,15,6,25
215,675,26.923849,90.484312,30,21.68,3050.45,975.65,2459.39,45,60,Sub-tropical forest (100-500),Glochidion acumitum,Euphorbiaceae,20,5,1
215,675,26.923849,90.484312,30,21.68,3050.45,975.65,2459.39,45,60,Sub-tropical forest (100-500),Clerodendrum infortutum,Lamiaceae,10,3,20
216,526,26.925611,90.552159,18,22.5,3285.2,994.65,2706.18,0,25,Warm broad leaved forest (500-1500),Clerodendrum infortutum,Lamiaceae,10,3,20
217,510,26.885289,90.185671,1,22.5,4250.56,988.13,3331.62,135,4,Warm broad leaved forest (500-1500),Clerodendrum infortutum,Lamiaceae,10,3,20
218,1270,26.88151,90.606473,22,18.33,3641.51,892.34,2728.79,315,70,Warm broad leaved forest (500-1500),Ostodes paniculata,Euphorbiaceae,60,5,2
218,1270,26.88151,90.606473,22,18.33,3641.51,892.34,2728.79,315,70,Warm broad leaved forest (500-1500),Castanopsis indica,Fagaceae,20,4,5
219,341,26.843629,90.182723,30,23.34,4016.57,1000.47,2811.89,90,35,Sub-tropical forest (100-500),Ostodes paniculata,Euphorbiaceae,53,3,30
220,922,26.856713,90.592185,30,20.19,3736.53,930.6,2636.07,225,60,Warm broad leaved forest (500-1500),Myrica esculenta,Myricaceae,90,6,6
220,922,26.856713,90.592185,30,20.19,3736.53,930.6,2636.07,225,60,Warm broad leaved forest (500-1500),Castanopsis indica,Fagaceae,60,6,10
220,922,26.856713,90.592185,30,20.19,3736.53,930.6,2636.07,225,60,Warm broad leaved forest (500-1500),Syzygium cumini,Myrtaceae,98,5,20
